subject_id,title
all,All of Government
stats,Statistics New Zealand TEST
dia,Department of Internal Affairs TEST
stats2,Statistics New Zealand 2
dia2,Department of Internal Affairs 2
stats3,Statistics New Zealand 3
dia3,Department of Internal Affairs 3
stats4,Statistics New Zealand 4
dia4,Department of Internal Affairs 4
stats5,Statistics New Zealand 5
dia5,Department of Internal Affairs 5
stats6,Statistics New Zealand 6
dia6,Department of Internal Affairs 6
stats7,Statistics New Zealand 7
dia7,Department of Internal Affairs 7
stats8,Statistics New Zealand 8
dia8,Department of Internal Affairs 8
stats9,Statistics New Zealand 9
dia9,Department of Internal Affairs 9
stats10,Statistics New Zealand 10
dia10,Department of Internal Affairs 10
stats11,Statistics New Zealand 11
dia11,Department of Internal Affairs 11
stats12,Statistics New Zealand 12
dia12,Department of Internal Affairs 12
stats13,Statistics New Zealand 13
dia13,Department of Internal Affairs 13
stats14,Statistics New Zealand 14
dia14,Department of Internal Affairs 14
stats15,Statistics New Zealand 15
dia15,Department of Internal Affairs 15
